ID,SampleID,SampleType,Specimen type,Type,Read count,Corynebacterium,Kocuria,Micrococcus,Friedmanniella,Cutibacterium,Deinococcus,Staphylococcus,Streptococcus,Finegoldia,Paracoccus,Acinetobacter,Moraxella,Pseudomonas,Aureobasidium,Parastagonospora,Aspergillus,Botrytis,Hebeloma,Serpula,Postia,Grifola,Fomitiporia,Escherichia,Klebsiella,Coprinopsis,Ganoderma,Wolfiporia,Pestalotiopsis,Prevotella,Veillonella,Malassezia,Methylibium,Stereum,Heterobasidion,Trametes,Trichoderma,Schizophyllum,Dichomitus,Others
1,HMSP1898,Blank,Sequencing Blank,Blank,0,0,0,0,0,0,0,0,0,0,0,0,0,0,0,0,0,0,0,0,0,0,0,0,0,0,0,0,0,0,0,0,0,0,0,0,0,0,0,0
2,HMSP1894,Blank,Sequencing Blank,Blank,0,0,0,0,0,0,0,0,0,0,0,0,0,0,0,0,0,0,0,0,0,0,0,0,0,0,0,0,0,0,0,0,0,0,0,0,0,0,0,0
3,HMSP1529,Blank,Sequencing Blank,Blank,0,0,0,0,0,0,0,0,0,0,0,0,0,0,0,0,0,0,0,0,0,0,0,0,0,0,0,0,0,0,0,0,0,0,0,0,0,0,0,0
4,HMSP1539,Blank,Sequencing Blank,Blank,0,0,0,0,0,0,0,0,0,0,0,0,0,0,0,0,0,0,0,0,0,0,0,0,0,0,0,0,0,0,0,0,0,0,0,0,0,0,0,0
5,HMSP1519,Blank,Sequencing Blank,Blank,0,0,0,0,0,0,0,0,0,0,0,0,0,0,0,0,0,0,0,0,0,0,0,0,0,0,0,0,0,0,0,0,0,0,0,0,0,0,0,0
6,HMSP1190,Blank,Sequencing Blank,Blank,695,20.57553957,0,0,0,0,0,0,20.86330935,0,0,0,0,0,0,0,0,0,0,0,0,0,0,0,0,0,0,0,0,10.35971223,0,0,0,0,0,0,0,0,0,48.20143885
7,HSCA1,Blank Filter,Filter Blank,Blank Filter,6792,0,0,0,0,0,0,0,0,0,0,0,0,14.14899882,0,0,0,0,0,0,0,0,0,0,0,0,0,0,0,0,0,0,14.51707892,14.8262662,0,14.11955241,13.54534747,0,0,28.84275618
8,HSCA20,Blank Filter,Filter Blank,Blank Filter,0,0,0,0,0,0,0,0,0,0,0,0,0,0,0,0,0,0,0,0,0,0,0,0,0,0,0,0,0,0,0,0,0,0,0,0,0,0,0,0
9,HSCA24,Blank Filter,Filter Blank,Blank Filter,0,0,0,0,0,0,0,0,0,0,0,0,0,0,0,0,0,0,0,0,0,0,0,0,0,0,0,0,0,0,0,0,0,0,0,0,0,0,0,0
10,HSCA25,Blank Filter,Filter Blank,Blank Filter,0,0,0,0,0,0,0,0,0,0,0,0,0,0,0,0,0,0,0,0,0,0,0,0,0,0,0,0,0,0,0,0,0,0,0,0,0,0,0,0
11,HSCA28,Blank Filter,Filter Blank,Blank Filter,0,0,0,0,0,0,0,0,0,0,0,0,0,0,0,0,0,0,0,0,0,0,0,0,0,0,0,0,0,0,0,0,0,0,0,0,0,0,0,0
12,HSCA32,Blank Filter,Filter Blank,Blank Filter,0,0,0,0,0,0,0,0,0,0,0,0,0,0,0,0,0,0,0,0,0,0,0,0,0,0,0,0,0,0,0,0,0,0,0,0,0,0,0,0
13,HSCA33,Blank Filter,Filter Blank,Blank Filter,0,0,0,0,0,0,0,0,0,0,0,0,0,0,0,0,0,0,0,0,0,0,0,0,0,0,0,0,0,0,0,0,0,0,0,0,0,0,0,0
14,HSCA39,Blank Filter,Filter Blank,Blank Filter,0,0,0,0,0,0,0,0,0,0,0,0,0,0,0,0,0,0,0,0,0,0,0,0,0,0,0,0,0,0,0,0,0,0,0,0,0,0,0,0
15,HSCA14,Blank Filter,Filter Blank,Blank Filter,0,0,0,0,0,0,0,0,0,0,0,0,0,0,0,0,0,0,0,0,0,0,0,0,0,0,0,0,0,0,0,0,0,0,0,0,0,0,0,0
16,HMSP1904,Blank Reagent,Reagent Blank,Blank Reagent,0,0,0,0,0,0,0,0,0,0,0,0,0,0,0,0,0,0,0,0,0,0,0,0,0,0,0,0,0,0,0,0,0,0,0,0,0,0,0,0
17,HMSP1730,Blank Reagent,Reagent Blank,Blank Reagent,0,0,0,0,0,0,0,0,0,0,0,0,0,0,0,0,0,0,0,0,0,0,0,0,0,0,0,0,0,0,0,0,0,0,0,0,0,0,0,0
18,HMSP1903,Blank Reagent,Reagent Blank,Blank Reagent,0,0,0,0,0,0,0,0,0,0,0,0,0,0,0,0,0,0,0,0,0,0,0,0,0,0,0,0,0,0,0,0,0,0,0,0,0,0,0,0
19,HMSP1258,Blank Reagent,Reagent Blank,Blank Reagent,0,0,0,0,0,0,0,0,0,0,0,0,0,0,0,0,0,0,0,0,0,0,0,0,0,0,0,0,0,0,0,0,0,0,0,0,0,0,0,0
20,HMSP1576,Blank Reagent,Reagent Blank,Blank Reagent,0,0,0,0,0,0,0,0,0,0,0,0,0,0,0,0,0,0,0,0,0,0,0,0,0,0,0,0,0,0,0,0,0,0,0,0,0,0,0,0
21,HMSP1406,Blank Reagent,Reagent Blank,Blank Reagent,12559,3.025718608,0,0,0,0,0,0,11.32255753,0,0,0,0,0,0,0,0,0,0,0,0,0,0,0,0,0,0,0,0,37.24022613,8.384425512,0,0,0,0,0,0,0,0,40.02707222
22,HMSP1117,Indoor air,Sample,Samples,11212,1.881912237,0.240813414,0.38351766,0,0.499464859,0.026757046,0.258651445,0.080271138,0,0.285408491,0.65108812,0.481626828,0.410274706,0,0,0.963253657,0,0,2.122725651,4.316803425,6.14520157,0,0,0,4.32572244,5.529789511,0,0,0,0,3.853014627,0,0,0,5.49411345,0.035676061,1.864074206,57.54548698,2.604352478
23,HMSP1118,Outdoor air,Sample,Samples,11575,0.371490281,0.060475162,0.319654428,0,0.285097192,0,0.112311015,0,0,0.38012959,0.656587473,0.431965443,0.129589633,0,0,0.172786177,0,0,1.831533477,4.44924406,5.788336933,0,0,0,4.933045356,5.079913607,9.036717063,0,0,0,3.006479482,0,0,0,5.036717063,0,1.866090713,53.8574514,2.194384452
24,HMSP1171,Indoor air,Sample,Samples,8835,1.097906055,0.271646859,0.656479909,0,0.362195812,0.215053763,0.090548953,0.169779287,0,0.916808149,0.690435767,2.625919638,0.418788908,0,0,4.368986984,0,0,2.569326542,3.497453311,5.817770232,0,0,0,1.528013582,2.761743067,0,0,0.011318619,0,4.142614601,0,0,0,3.022071307,0.147142049,38.27956989,20.7696661,5.568760616
25,HMSP1172,Outdoor air,Sample,Samples,7340,0.245231608,0.040871935,0.354223433,0,0.095367847,0,0.163487738,0,0,0.53133515,0.190735695,0.940054496,0.136239782,0,0,0.122615804,0,0,3.092643052,4.414168937,6.51226158,0,0,0,1.566757493,2.970027248,3.773841962,0,0,0,0.926430518,0,0,0,3.63760218,0,43.46049046,22.76566757,4.059945512
26,HMSP1173,Surface,Sample,Samples,8398,1.595618004,1.25029769,3.822338652,0,0.607287449,1.964753513,1.988568707,0.738271017,0.214336747,3.691355085,6.989759467,16.36103834,1.667063587,0,0,2.893546082,0,0,0,0.357227911,0.452488688,1.083591331,3.084067635,1.65515599,0.785901405,0.488211479,0.297689926,2.155275065,0.238151941,0.023815194,8.382948321,0,0,0,0.345320314,0,2.941176471,2.607763753,31.31698024
27,HMSP1181,Indoor air,Sample,Samples,6161,0.064924525,0.146080182,0.032462263,0,0.081155657,0.016231131,0.048693394,0.064924525,0,0.211004707,0.194773576,0.032462263,0.389547151,0,0,0.730400909,0,0,4.09024509,6.541145918,8.001947736,0,0,0,5.875669534,4.544716767,0,0,0,0,1.899042363,0,0,0,4.398636585,0.048693394,37.21798409,20.3213764,5.04788184
28,HMSP1182,Outdoor air,Sample,Samples,6019,0.249210832,0,0.099684333,0,0.033228111,0,0.033228111,0,0,0.049842166,0.149526499,0.066456222,0.132912444,0,0,0.116298388,0,0,4.037215484,5.765077255,8.655922911,0,0,0,5.366339924,3.53879382,4.103671706,0,0,0,1.545107161,0,0,0,4.219970095,0,36.88320319,20.33560392,4.618707428
29,HMSP1196,Indoor air,Sample,Samples,7622,0.223038573,0.039359748,0.091839412,0,0.170558908,0.19679874,0.026239832,0.013119916,0,0.13119916,0.091839412,0.052479664,0.524796641,0,0,0.813434794,0,0,3.621096825,6.336919444,8.278667017,0,0,0,2.742062451,3.293098924,0,0,0,0,1.075833115,0,0,0,3.975334558,0.144319076,48.08449226,14.91734453,5.156127
30,HMSP1197,Outdoor air,Sample,Samples,7793,0.025664057,0,0.012832029,0,0.038496086,0,0.051328115,0,0,0.038496086,0.038496086,0,0.038496086,0,0,0.025664057,0,0,3.785448479,5.838573078,7.981521879,0,0,0,3.785448479,4.093417169,3.708456307,0,0,0,0.295136661,0,0,0,3.900936738,0,47.46567432,15.80905941,3.066854878
31,HMSP1198,Surface,Sample,Samples,29038,0.891934706,0.148081824,0.340932571,0,0.723190302,1.353398994,0.637096219,0.520008265,0.086094084,10.69977271,1.708106619,1.832082099,3.426544528,0,0,1.949170053,0,0,0,0.1033129,0.158413114,0.172188167,0.251394724,0.151525587,0.313382464,0.151525587,0.04132516,0.075762794,0.037881397,0.013775053,2.052482953,0,0,0,0.08265032,0,0.571664715,0.278944831,71.22735726
32,HMSP1201,Indoor air,Sample,Samples,6293,1.589067218,0.238360083,0.301922771,0,0.397266804,0.063562689,0.14301605,0.111234705,0,0.429048149,0.524392182,0.190688066,0.460829493,0,0,0.778642937,0,0,4.544732242,5.974892738,7.659303989,0,0,0,2.240584777,5.40282854,0,0,0.095344033,0,8.247258859,0,0,0,4.830764341,0.206578738,8.930557763,40.93437152,5.704751313
33,HMSP1202,Outdoor air,Sample,Samples,6230,2.263242376,0.144462279,0.240770465,0,0.288924559,0,0.192616372,0,0,0.642054575,0.417335474,0.417335474,0.112359551,0,0,0.096308186,0,0,4.542536116,6.019261637,8.587479936,0,0,0,2.776886035,5.601926164,4.205457464,0,0,0,4.414125201,0,0,0,4.719101124,0,9.759229535,38.3788122,6.179775277
34,HMSP1203,Surface,Sample,Samples,7950,4,0.893081761,2.616352201,0,1.283018868,0.566037736,1.647798742,1.157232704,0.452830189,2.968553459,5.698113208,2.113207547,1.849056604,0,0,1.735849057,0,0,0,2.012578616,2.41509434,6.591194969,1.962264151,0.993710692,2.100628931,1.748427673,1.194968553,1.786163522,0.188679245,0.025157233,7.974842767,0,0,0,1.408805031,0,17.3081761,7.245283019,18.06289308
35,HMSP1211,Indoor air,Sample,Samples,21731,0.418756615,0.446366941,0.538401362,0,1.955731444,4.891629469,0.869725277,0.492384152,0,2.724218858,1.592195481,1.021582072,5.11251208,0,0,0.036813768,0,0,0.013805163,0.009203442,0.055220653,0,0,0,0,0.009203442,0,0,0.013805163,0,2.830058442,0,0,0,0.082830979,0.013805163,0.032212047,0.064424095,76.77511389
36,HMSP1212,Outdoor air,Sample,Samples,6144,0.48828125,0,0.830078125,0,0.065104167,0,0.081380208,0,0,0.244140625,0.1953125,0.423177083,0.048828125,0,0,0.406901042,0,0,5.013020833,6.412760417,8.186848958,0,0,0,3.206380208,5.6640625,4.541015625,0,0,0,2.571614583,0,0,0,6.331380208,0,20.47526042,31.02213542,3.792317703
37,HMSP1213,Surface,Sample,Samples,11332,3.106247794,0.635368867,5.03000353,0,1.041298976,2.462054359,1.006000706,0.997176138,0.44122838,3.688669255,0.88245676,6.556653724,0.467702083,0,0,6.86551359,0,0,0,2.012001412,3.282739146,7.08612778,0.608895164,0.176491352,2.135545358,1.720790681,1.385457113,1.164842923,0,0.008824568,13.68690434,0,0,0,1.738439816,0,7.08612778,8.745146488,15.98129192
38,HMSP1216,Indoor air,Sample,Samples,5313,0.301148127,0.056465274,0.112930548,0,0.319969885,0.075287032,0.225861095,0.112930548,0,0.18821758,0.225861095,0.301148127,0.301148127,0,0,1.581027668,0,0,11.61302466,8.149821193,12.76115189,0,0,0,3.519668737,6.399397704,0,0,0,0,1.693958216,0,0,0,6.192358366,0.112930548,3.143233578,36.72124976,5.891210242
39,HMSP1217,Outdoor air,Sample,Samples,5502,0.327153762,0.018175209,0.527081061,0,0.581606688,0,0.127226463,0,0,0.145401672,0.381679389,0.54525627,0.072700836,0,0,0.145401672,0,0,13.59505634,6.070519811,9.796437659,0,0,0,3.362413668,7.124681934,4.671028717,0,0,0,1.254089422,0,0,0,6.434023991,0,3.416939295,35.8778626,5.525263541
40,HMSP1226,Indoor air,Sample,Samples,12285,12.38095238,3.036223036,1.61986162,0,2.857142857,0.309320309,0.659340659,0.545380545,0,3.597883598,1.164021164,2.735042735,1.611721612,0,0,2.979242979,0,0,1.261701262,2.409442409,2.873422873,0,0,0,0.862840863,1.855921856,0,0,0.081400081,0,19.47903948,0,0,0,2.376882377,0.016280016,13.29263329,11.76231176,10.23199024
41,HMSP1227,Outdoor air,Sample,Samples,8830,1.913929785,0.566251416,1.970554926,0,0.498301246,0,0.181200453,0,0,5.254813137,0.520951302,1.336353341,0.06795017,0,0,0.192525481,0,0,2.208380521,3.82785957,5.889014723,0,0,0,1.596828992,4.394110985,5.141562854,0,0,0,6.285390713,0,0,0,4.054360136,0,21.92525481,25.26613817,6.908267269
42,HMSP1228,Surface,Sample,Samples,7029,9.987195903,3.997723716,2.845354958,0,2.034428795,0.483710343,3.115663679,1.223502632,0.569070992,4.993597951,3.158344003,4.296485987,6.11751316,0,0,2.589273012,0,0,0,0.796699388,1.152368758,2.717313985,1.991748471,0.967420686,0.526390667,0.981647461,0.597524541,0.924740361,0.483710343,0.02845355,11.26760563,0,0,0,0.768245839,0,2.745767534,4.310712761,24.32778489
43,HMSP1276,Indoor air,Sample,Samples,6392,0.015644556,0.046933667,0.078222778,0,0,0.015644556,0,0.015644556,0,0.10951189,0.172090113,0,0.187734668,0,0,0.250312891,0,0,4.646433041,6.476846058,9.668335419,0,0,0,2.518773467,4.114518148,0,0,0,0,0.21902378,0,0,0,5.663329161,0.093867334,22.43429287,39.53379224,3.739048807
44,HMSP1277,Outdoor air,Sample,Samples,7085,0.028228652,0,0.014114326,0,0,0,0.028228652,0,0,0.028228652,0.042342978,0,0.056457304,0,0,0.042342978,0,0,3.613267466,7.508821454,8.299223712,0,0,0,2.328863797,3.782639379,4.022582922,0,0,0,0.169371912,0,0,0,4.827099506,0,21.45377558,39.63302752,4.12138321
45,HMSP1278,Surface,Sample,Samples,4062,0.344657804,0.320039389,0.738552437,0,0.516986706,0.886262925,0.541605121,0.393894633,0.049236829,1.72328902,1.526341704,0.492368291,0.812407681,0,0,5.342195963,0,0,0,2.978828163,2.978828163,9.182668636,3.200393895,1.797144264,1.083210241,2.683407189,1.747907435,2.954209749,0.024618415,0,4.135893648,0,0,0,1.870999508,0,4.406696209,22.82127031,24.44608567
46,HMSP1346,Indoor air,Sample,Samples,7298,1.000274048,0.219238147,0.09591669,0,0.712523979,0.082214305,0.150726226,0.054809537,0,8.276240066,0.548095369,1.767607564,0.644012058,0,0,1.027678816,0,0,4.042203343,7.317073171,10.82488353,0,0,0,2.260893395,4.919155933,0,0,0.054809537,0,3.411893669,0,0,0,6.001644286,0.068511921,2.671964922,34.11893669,9.728692798
47,HMSP1347,Outdoor air,Sample,Samples,6858,0,0,0.058326043,0,0.014581511,0,0.058326043,0,0,0.043744532,0.189559638,0.043744532,0.058326043,0,0,0.014581511,0,0,4.841061534,7.757363663,11.76727909,0,0,0,2.828813065,7.407407407,8.82181394,0,0,0,0.131233596,0,0,0,7.436570429,0,3.076698746,41.81977253,3.630796147
48,HMSP1348,Surface,Sample,Samples,9127,0.350608086,0.175304043,0.065739016,0,0.142434535,0.032869508,0.306782075,0.076695519,0.175304043,4.174427523,0.175304043,1.051824258,0.273912567,0,0,3.254081297,0,0,0,0.514955626,0.712172674,1.281910814,0.219130054,0.087652021,0.350608086,0.460173113,0.241043059,0.273912567,0,0,3.703297907,0,0,0,0.295825572,0,0.788868193,2.169387531,78.64577627
49,HMSP1368,Indoor air,Sample,Samples,8281,1.557782876,1.026446081,0.941915228,0,0.591715976,0.410578433,0.700398503,0.48303345,0,2.958579882,0.57964014,1.388721169,0.338123415,0,0,1.316266151,0,0,2.294408888,5.096002898,7.680231856,0,0,0,9.105180534,6.677937447,0,0,0.012075836,0,5.965463108,0,0,0,4.794106992,0.072455018,2.60838063,35.58748943,7.813066059
50,HMSP1369,Outdoor air,Sample,Samples,7514,0.625499068,0.093159436,0.439180197,0,0.292786798,0,0.439180197,0,0,0.665424541,0.612190578,0.399254725,0.093159436,0,0,0.15970189,0,0,2.302368911,5.775885015,8.025019963,0,0,0,8.876763375,7.359595422,7.958477509,0,0,0,1.62363588,0,0,0,6.108597285,0,3.180729305,40.75059888,4.218791589
51,HMSP1370,Surface,Sample,Samples,8804,1.408450704,1.29486597,1.079054975,0,0.931394821,0.556565198,2.635165834,0.976828714,0.215810995,7.394366197,3.691503862,4.588823262,1.29486597,0,0,1.828714221,0,0,0,2.487505679,3.861880963,4.407087687,1.646978646,2.19218537,2.771467515,2.839618355,2.839618355,0.86324398,0.045433894,0.079509314,7.894139028,0,0,0,2.862335302,0,6.826442526,13.47114948,17.01499318
52,HMSP1373,Indoor air,Sample,Samples,10240,0.09765625,0.068359375,0.0390625,0,0.17578125,0.01953125,0.01953125,0.087890625,0,0.166015625,0.29296875,0.0390625,0.15625,0,0,0.419921875,0,0,2.529296875,5.556640625,6.4453125,0,0,0,1.865234375,4.638671875,0,0,0.009765625,0,0.3515625,0,0,0,5.400390625,0.01953125,33.38867188,35.46875,2.74414062
53,HMSP1374,Outdoor air,Sample,Samples,10245,0.126891166,0.136652025,0.09760859,0,0.087847731,0,0.156173743,0,0,0.224499756,0.253782333,0.087847731,0.048804295,0,0,0.156173743,0,0,2.703757931,5.134211811,6.715470961,0,0,0,1.434846266,4.167886774,4.704734017,0,0,0,0.771107857,0,0,0,5.124450952,0,32.58174719,33.13811615,2.147388978
54,HMSP1375,Surface,Sample,Samples,35514,4.674212986,0.025342119,0.019710537,0,1.745790393,0.016894746,2.185053782,28.33530439,0.104184265,0.067578983,3.18184378,0.05913161,0.278763305,0,0,0.056315819,0,0,0,0.014078955,0.011263164,0.002815791,0.79405305,0.163315875,0,0,0.002815791,0.005631582,5.679450358,2.559553979,13.27363857,0,0,0,0.008447373,0,0.030973701,0.014078955,36.68975614
55,HMSP1382,Indoor air,Sample,Samples,61580,0.896394933,0.993829165,1.148100032,0,0.290678792,0.081195193,0.081195193,0.329652485,0,85.8395583,0.209483599,0.79408899,0.331276388,0,0,0.037349789,0,0,0.038973693,0.09256252,0.129912309,0,0,0,0.0422215,0.102305943,0,0,0.001623904,0,1.014939916,0,0,0,0.074699578,0.009743423,0.032478077,0.620331276,6.807405002
56,HMSP1383,Outdoor air,Sample,Samples,16376,0.506839277,0.628969223,0.512945774,0,0.152662433,0,0.140449438,0,0,73.69320957,0.427454812,1.099169516,0.048851979,0,0,0.06717147,0,0,0.75109917,1.093063019,1.239618955,0,0,0,1.209086468,1.630434783,1.483878847,0,0,0,0.604543234,0,0,0,0.952613581,0,0.482413288,8.09110894,5.184416223
57,HMSP1384,Surface,Sample,Samples,54243,0.252567152,1.447191343,0.676584997,0,0.363180503,0.296812492,0.252567152,0.56412809,0.04424534,81.65108862,0.864627694,1.686853603,0.951274819,0,0,0.095864904,0,0,0,0.018435559,0.033184005,0.025809782,0.182512029,0.086647125,0.011061335,0.031340449,0.023966226,0.031340449,0.046088896,0.018435559,1.045296167,0,0,0,0.012904891,0,0.079272902,0.092177793,9.114540124
58,HMSP1424,Indoor air,Sample,Samples,9493,0.136943011,0.474033498,0.263351944,0,0.179079322,0.031602233,2.675655746,0.189613399,0,0.726851364,4.624460129,0.874328453,11.86137154,0,0,0.726851364,0,0,1.738122827,3.91867692,4.866743917,0,0,0,1.042873696,2.022542926,0,0,0.021068155,0,1.906668071,0,0,0,3.908142842,0.031602233,30.20120088,16.801854,10.77636153
59,HMSP1425,Outdoor air,Sample,Samples,7121,0.042128914,0.028085943,0.112343772,0,0.365117259,0,0.322988344,0,0,0.0983008,5.448672939,0.056171886,0.112343772,0,0,0.435332116,0,0,2.232832467,4.971211908,6.094649628,0,0,0,1.32003932,3.426485044,4.269063334,0,0,0,0.421289145,0,0,0,5.785704255,0,41.2301643,20.36230866,2.864766194
60,HMSP1436,Indoor air,Sample,Samples,9063,2.537791018,0.264812976,0.375151716,0,0.16550811,0.099304866,0.364117842,0.342050094,0,8.109897385,0.739269558,0.452388834,1.390268123,0,0,1.754385965,0,0,1.666114973,3.299128324,3.972194638,0,0,0,2.868807238,2.195740925,0,0,0.044135496,0,6.201037184,0,0,0,2.890874986,0.066203244,22.16705285,20.40163301,17.63213065
61,HMSP1437,Outdoor air,Sample,Samples,9387,2.258442527,0.085224246,0.521998509,0,0.191754554,0,0.426121231,0,0,4.303824438,0.564610632,0.607222755,0.063918185,0,0,0.67114094,0,0,1.821668265,3.568765314,4.985618408,0,0,0,2.013422819,2.269095558,2.716522851,0,0,0,6.370512411,0,0,0,3.078725898,0,30.44636199,20.81602216,12.21902631
62,HMSP1438,Surface,Sample,Samples,14059,1.465253574,0.533466107,0.810868483,0,0.640159329,0.192047799,4.538018351,1.109609503,0.384095597,11.96386656,1.956042393,1.408350523,6.42293193,0,0,18.17341205,0,0,0,0.04979017,0.113806103,0.256063731,0.44811153,0.782416957,0.085354577,0.056903051,0.085354577,0.078241696,0.74685255,0.042677289,9.687744505,0,0,0,0.071128814,0,0.618820684,0.213386443,37.06522512
63,HMSP1441,Indoor air,Sample,Samples,10729,0.158449063,0.018641066,0.111846398,0,0.009320533,0.027961599,0.270295461,0.009320533,0,0.093205331,0.503308789,0.037282133,0.195731196,0,0,0.820206916,0,0,1.938670892,3.532482058,4.352688974,0,0,0,3.607046323,2.274210085,0,0,0.009320533,0,0.288936527,0,0,0,2.64703141,0.111846398,53.20160313,18.82747693,6.953117722
64,HMSP1442,Outdoor air,Sample,Samples,10070,0.009930487,0,0.039721946,0,0.019860973,0,0.05958292,0,0,0.039721946,0.218470705,0.019860973,0.049652433,0,0,0.228401192,0,0,2.115193644,3.376365442,4.11122145,0,0,0,5.273088381,2.442899702,2.323733863,0,0,0,0.158887786,0,0,0,2.452830189,0,51.5590864,20.24826216,5.253227408
65,HMSP1443,Surface,Sample,Samples,11582,0.587117942,0.094974961,0.345363495,0,0.103609049,0.379899845,0.975651874,0.543947505,0.025902262,4.394750475,0.630288379,0.250388534,0.345363495,0,0,60.42997755,0,0,0,0.682092903,1.001554136,1.139699534,0.397168019,0.604386116,0.846140563,0.474874806,0.423070281,1.21740632,0.017268175,0.03453635,1.070626835,0,0,0,0.595752029,0,9.911932309,3.738559834,8.737696424
66,HMSP1501,Indoor air,Sample,Samples,17253,3.49504434,2.474931896,1.773604591,0,0.568017156,2.341621747,0.376746073,0.730307773,0,24.52906741,1.356285863,4.555729438,0.475279662,0,0,0.336173419,0,0,0.915782762,1.877934272,2.625630325,0,0,0,0.492667942,0.938967136,0,0,0.005796093,0,3.825421666,0,0,0,1.524372573,0.01738828,0.904190576,6.537993392,37.32104562
67,HMSP1502,Outdoor air,Sample,Samples,8228,17.93874575,0.109382596,0.789985416,0,0.036460865,0,1.263976665,0,0,3.159941663,0.826446281,0.534759358,0.097228974,0,0,0.13368984,0,0,2.430724356,4.326689353,6.575109383,0,0,0,1.446280992,3.269324259,3.111327175,0,0,0,0.850753525,0,0,0,3.925619835,0,2.467185221,16.72338357,29.98298492
68,HMSP1503,Surface,Sample,Samples,13429,1.027626778,4.490282225,2.777570929,0,0.886141932,5.49556929,1.65313873,2.330776677,0.454240822,13.35170154,2.00312756,4.4456028,0.811676223,0,0,1.429741604,0,0,0,0.417007968,0.454240822,0.647851664,0.670191377,0.417007968,0.379775114,0.424454539,0.282969692,0.223397126,0.007446571,0.08935885,11.10283714,0,0,0,0.372328543,0,2.211631544,2.070146697,39.07215728
69,HMSP1506,Indoor air,Sample,Samples,8573,0.501574711,0.408258486,0.279948676,0,0.058322641,0.221626035,0.058322641,0.104980754,0,1.108130176,0.653213578,0.244955092,0.373264901,0,0,2.472879972,0,0,1.329756211,2.04129243,2.566196197,0,0,0,0.944826782,1.563046775,0,0,0.023329056,0,0.641549049,0,0,0,1.52805319,0.163303394,64.17823399,14.1607372,4.374198063
70,HMSP1507,Outdoor air,Sample,Samples,7573,0.845107619,0.092433646,0.250891324,0,0.105638452,0,0.132048065,0,0,0.316915357,0.963950878,0.184867292,0.118843259,0,0,1.14881817,0,0,1.558167173,1.650600819,2.60134689,0,0,0,0.739469167,1.254456622,1.346890268,0,0,0,1.412914301,0,0,0,1.716624851,0,67.48976627,11.6994586,4.370790977
71,HMSP1508,Surface,Sample,Samples,4978,7.472880675,0.74327039,1.10486139,0,0.642828445,1.607071113,1.044596223,0.401767778,0.160707111,2.290076336,2.932904781,0.582563278,2.430695058,0,0,1.747689835,0,0,0,0.723182001,0.92406589,2.370429892,9.03977501,3.234230615,1.044596223,0.803535556,0.482121334,5.243069506,0.080353556,0,6.167135396,0,0,0,0.863800723,0,12.43471274,7.533145842,25.8939333
72,HMSP1511,Indoor air,Sample,Samples,11564,1.686267727,0.086475268,0.077827741,0,0.19024559,0.302663438,0.129712902,0.060532688,0,0.034590107,0.172950536,0.138360429,0.147007956,0,0,1.020408163,0,0,1.124178485,1.288481494,1.885160844,0,0,0,0.389138706,0.951227949,0,0,0.008647527,0,5.984088551,0,0,0,1.072293324,0.138360429,69.36181252,9.61604981,4.133517816
73,HMSP1512,Outdoor air,Sample,Samples,21003,0.385659192,0.028567348,0.285673475,0,2.871018426,0,0.214255106,0,0,0.147597962,1.885444936,0.585630624,1.171261248,0,0,0.033328572,0,0,0.057134695,0.157120411,0.133314288,0,0,0,0.042851021,0.142836738,0.080940818,0,0,0,3.494738847,0,0,0,0.161881636,0,5.194496024,0.461838785,82.46440985
74,HMSP1513,Surface,Sample,Samples,12273,5.239142834,1.17330726,1.026643852,0,2.379206388,3.536217714,4.929520085,1.931068198,0.301474782,1.099975556,3.911024199,1.336266601,0.431842255,0,0,1.442190174,0,0,0,0.497025992,0.749612972,1.694777153,3.120671392,1.197751161,1.434042206,0.594801597,0.309622749,2.656237269,0.179255276,0.024443901,31.32078546,0,0,0,0.52961786,0,5.336918439,3.576957549,18.03959913
75,HMSP1520,Indoor air,Sample,Samples,7579,0.633328935,0.065971764,0.026388706,0,0.039583058,0.026388706,0.039583058,0.052777411,0,0.013194353,0.105554823,0.105554823,0.065971764,0,0,0.42221929,0,0,3.83955667,6.808286054,8.642301095,0,0,0,3.958305845,4.552051722,0,0,0,0,0.540968465,0,0,0,4.789550073,0.079166117,33.17060298,28.16994326,3.852751028
76,HMSP1521,Outdoor air,Sample,Samples,7664,0.052192067,0,0,0,0,0,0.03914405,0,0,0.013048017,0.0782881,0.026096033,0.052192067,0,0,0.091336117,0,0,4.070981211,5.975991649,8.076722338,0,0,0,3.75782881,4.90605428,5.336638831,0,0,0,0.1565762,0,0,0,4.123173278,0,32.86795407,26.87891441,3.496868472
77,HMSP1522,Surface,Sample,Samples,2105,8.361045131,1.09263658,0.475059382,0,0.427553444,0.190023753,1.995249406,0.665083135,0.522565321,0.855106888,1.90023753,1.995249406,0.760095012,0,0,35.29691211,0,0,0,0.475059382,1.377672209,3.325415677,1.09263658,1.472684086,1.520190024,1.425178147,0.380047506,1.09263658,0.095011876,0,5.41567696,0,0,0,0.665083135,0,1.947743468,6.935866983,18.24228029
78,HMSP1540,Indoor air,Sample,Samples,6906,0.260642919,0.043440487,0.028960324,0,0.014480162,0.057920649,0.014480162,0.028960324,0,0.159281784,0.20272227,0.086880973,0.217202433,0,0,1.230813785,0,0,4.459889951,6.863596872,9.10802201,0,0,0,2.316825948,4.706052708,0,0,0.014480162,0,0.839849406,0,0,0,5.705183898,0.20272227,28.43903852,27.88879235,7.109759633
79,HMSP1541,Outdoor air,Sample,Samples,5857,0.068294349,0.017073587,0,0,0.017073587,0,0.034147174,0,0,0.051220761,0.307324569,0.034147174,0.051220761,0,0,0.11951511,0,0,3.824483524,6.726993341,8.468499232,0,0,0,1.912241762,5.105002561,4.370838313,0,0,0,0.256103807,0,0,0,4.968413864,0,29.48608503,28.54703773,5.634283764
80,HMSP1542,Surface,Sample,Samples,8361,0.98074393,0.466451381,0.621935175,0,0.143523502,0.275086712,0.227245545,0.346848463,0.071761751,1.315632101,0.502332257,0.777418969,0.574094008,0,0,4.64059323,0,0,0,2.81066858,4.64059323,13.28788422,0.346848463,0.287047004,2.332256907,5.669178328,2.009329028,2.212653989,0.047841167,0.011960292,5.537615118,0,0,0,2.67910537,0,19.11254635,19.53115656,8.53964837
81,HMSP1545,Indoor air,Sample,Samples,11212,0.178380307,0.463788798,1.765965037,0,0.205137353,0.098109169,0.026757046,0.098109169,0,2.631109526,1.275419194,1.337852301,2.238672851,0,0,0.633250089,0,0,1.801641099,2.443810203,3.326792722,0,0,0,2.657866572,2.211915804,0,0,0.008919015,0,0.91865858,0,0,0,2.363539065,0.124866215,51.67677488,17.39207991,4.120585095
82,HMSP1546,Outdoor air,Sample,Samples,11900,0.243697479,0.697478992,3.403361345,0,0.277310924,0,0.142857143,0,0,6.43697479,2.025210084,3.319327731,0.117647059,0,0,0.084033613,0,0,1.789915966,2.621848739,2.924369748,0,0,0,2.352941176,1.714285714,1.537815126,0,0,0,0.806722689,0,0,0,1.857142857,0,46.95798319,15.91596639,4.773109245
83,HMSP1547,Surface,Sample,Samples,12318,0.771229096,1.436921578,3.799318071,0,0.901120312,0.235427829,1.518103588,1.607403799,0.259782432,16.26887482,6.827407047,4.221464523,8.824484494,0,0,12.35590193,0,0,0,0.430264653,0.754992694,1.420685176,1.599285598,1.347621367,1.859068031,0.40591005,0.308491638,2.687124533,0.276018834,0.129891216,2.289332684,0,0,0,0.414028251,0,5.017048222,2.484169508,19.54862803
84,HMSP1551,Indoor air,Sample,Samples,7919,3.81361283,0.782927137,0.505114282,0,0.745043566,2.39929284,1.073367849,0.315696426,0,1.831039273,1.502714989,1.704760702,0.42934714,0,0,4.823841394,0,0,3.611567117,3.990402829,6.263417098,0,0,0,2.702361409,3.81361283,0,0,0,0,11.09988635,0,0,0,4.129309256,0.037883571,3.649450688,33.94367976,6.831670664
85,HMSP1552,Outdoor air,Sample,Samples,6483,0.215949406,0.015424958,0.323924109,0,0.092549745,0,0.138824618,0,0,0.370198982,0.586148388,0.293074194,0.06169983,0,0,0.277649236,0,0,4.766311893,5.552984729,6.848681166,0,0,0,3.208391177,5.568409687,5.445010026,0,0,0,0.863797625,0,0,0,5.815209008,0,4.982261299,50.16196205,4.411537874
86,HMSP1553,Surface,Sample,Samples,11192,2.108649035,0.964974982,0.652251608,0,0.70586133,2.385632595,2.0192995,1.402787706,0.553967119,5.986418871,1.661901358,3.565046462,0.741601144,0,0,15.76125804,0,0,0,1.483202287,1.608291637,3.511436741,0.73266619,0.473552538,1.00964975,0.866690493,0.822015726,0.830950679,0.12508935,0.026804861,11.4992852,0,0,0,1.00964975,0,18.58470336,5.798784846,13.10757684
87,HMSP1593,Indoor air,Sample,Samples,6755,6.276831976,0.399703923,0.458919319,0,0.222057735,0.222057735,0.325684678,0.725388601,0,2.413027387,1.199111769,0.266469282,6.188008882,0,0,0.977054034,0,0,2.871946706,4.189489267,6.691339748,0,0,0,4.056254626,5.507031828,0,0,0.029607698,0,7.416728349,0,0,0,5.358993338,0.118430792,2.235381199,37.08364175,4.766839378
88,HMSP1594,Outdoor air,Sample,Samples,5270,0.664136622,0.132827324,0.891840607,0,0.151802657,0,0.607210626,0,0,1.404174573,1.404174573,0.265654649,0.398481973,0,0,0.09487666,0,0,2.466793169,4.611005693,6.527514231,0,0,0,6.166982922,5.635673624,4.573055028,0,0,0,1.707779886,0,0,0,6.261859583,0,1.954459203,47.09677419,6.982922207
89,HMSP1595,Surface,Sample,Samples,9609,1.10313248,1.862836924,0.707669893,0,0.187324383,1.456967426,0.874180456,1.269643043,0.041627641,3.538349464,9.626391924,0.083255282,16.91122906,0,0,6.400249766,0,0,0,0.801332085,1.10313248,2.560099906,1.925278385,1.300863774,0.801332085,1.769174732,0.707669893,3.194921428,0.083255282,0,6.483505047,0,0,0,1.11353939,0,3.049224685,8.252679779,22.79113331
90,HMSP1598,Indoor air,Sample,Samples,13268,16.46819415,0.972264094,1.710883328,0,4.567380163,0.241181791,2.622851975,2.155562255,0,1.145613506,4.522158577,1.718420259,0.994874887,0,0,0.927042508,0,0,0.557732891,1.10039192,1.341573711,0,0,0,0.271329515,0.678323787,0,0,0.082906241,0,35.2728369,0,0,0,0.934579439,0.030147724,0.520048236,5.464274947,15.6994272
91,HMSP1599,Outdoor air,Sample,Samples,4748,0.084245998,0.042122999,1.01095198,0,0.105307498,0,0.273799495,0,0,0.673967987,0.905644482,0.042122999,0.189553496,0,0,0.147430497,0,0,4.064869419,5.096882898,7.834877843,0,0,0,5.855096883,6.00252738,4.907329402,0,0,0,0.168491997,0,0,0,6.381634372,0,2.737994945,46.84077506,6.63437237
92,HMSP1600,Surface,Sample,Samples,13767,7.358175347,0.363187332,0.719110917,0,2.484201351,0.602890971,7.053097988,2.636740031,0.777220891,0.806275877,3.639137067,2.469673858,2.084695286,0,0,9.878695431,0,0,0,0.02179124,0.08716496,0.094428706,2.752959977,1.888574127,0.029054987,0,0.036318733,0.050846226,0.13074744,0.058109973,16.84462846,0,0,0,0.029054987,0,0.370451079,0.312341106,36.42042565
93,HMSP1603,Indoor air,Sample,Samples,12586,1.890989989,0.556173526,1.835372636,0,4.30637216,10.54346099,0.230414747,0.246305419,0,10.7659304,1.525504529,2.407436835,1.072620372,0,0,1.438105832,0,0,0.476720165,0.69124424,1.350707135,0,0,0,0.357540124,0.723025584,0,0,0,0,3.964722708,0,0,0,0.707134912,0,0.095344033,3.43238519,51.38248847
94,HMSP1604,Outdoor air,Sample,Samples,5595,0.840035746,0.321715818,4.092940125,0,0.160857909,0,0.411081323,0,0,10.09830206,1.751563896,1.501340483,0.303842717,0,0,0.321715818,0,0,2.555853441,4.200178731,6.237712243,0,0,0,2.91331546,5.82663092,5.308310992,0,0,0,2.394995532,0,0,0,5.933869526,0,1.626452189,34.44146559,8.757819481
95,HMSP1605,Surface,Sample,Samples,4223,0.75775515,0.92351409,2.344304996,0,0.899834241,5.04380772,1.704949088,0.852474544,0.260478333,21.61970163,4.404451812,6.464598627,2.604783329,0,0,7.601231352,0,0,0,0.591996211,0.663035757,1.420790907,1.06559318,0.663035757,1.231352119,0.30783803,0.75775515,0.805114847,1.491830452,0.260478333,7.056594838,0,0,0,0.355197727,0,1.562869998,2.415344542,23.86928724
96,HMSP1635,Indoor air,Sample,Samples,8292,15.88277858,8.043897733,3.774722624,0,0.639170285,1.483357453,0.723589001,0.747708635,0,9.671972986,1.302460203,1.049204052,2.641099855,0,0,2.074288471,0,0,0.735648818,1.483357453,2.616980222,0,0,0,0.699469368,3.147612156,0,0,0,0,6.476121563,0,0,0,3.35262904,0.192957067,1.109503136,15.73806078,16.41341052
97,HMSP1636,Outdoor air,Sample,Samples,5664,3.266242938,1.324152542,2.595338983,0,0.617937853,0,0.388418079,0,0,27.06567797,1.394774011,1.694915254,0.158898305,0,0,0.176553672,0,0,1.129943503,3.460451977,5.049435028,0,0,0,1.306497175,4.043079096,3.478107345,0,0,0,4.007768362,0,0,0,5.985169492,0,1.34180791,23.21680791,8.298022595
98,HMSP1637,Surface,Sample,Samples,6374,6.855977408,0.80012551,0.925635394,0,0.690304361,2.463131472,3.592720427,1.945403201,0.611860684,3.169124569,12.23721368,2.557263885,3.153435833,0,0,8.958267964,0,0,0,0.282397239,0.31377471,0.188264826,5.302792595,4.502667085,0.17257609,0.266708503,0.345152181,2.431754001,0.564794478,0.156887355,9.099466583,0,0,0,0.329463445,0,0.454973329,0.878569187,26.74929401
99,HMSP1640,Indoor air,Sample,Samples,8744,2.058554437,1.315187557,1.543915828,0,2.458828911,1.944190302,0.320219579,0.54894785,0,2.23010064,1.29231473,1.052150046,1.0978957,0,0,1.566788655,0,0,1.349496798,2.561756633,3.888380604,0,0,0,2.058554437,3.84263495,0,0,0.011436414,0,14.45562672,0,0,0,3.2936871,0.102927722,2.824794145,31.49588289,16.68572735
100,HMSP1641,Outdoor air,Sample,Samples,5025,3.323383085,0.656716418,2.208955224,0,1.791044776,0,0.47761194,0,0,2.666666667,1.034825871,1.233830846,0.199004975,0,0,0.417910448,0,0,1.452736318,2.388059701,3.60199005,0,0,0,5.452736318,5.810945274,2.606965174,0,0,0,8.577114428,0,0,0,3.263681592,0,2.288557214,34.60696517,15.94029851
101,HMSP1642,Surface,Sample,Samples,9160,2.598253275,0.709606987,1.211790393,0,3.438864629,0.414847162,3.548034934,1.703056769,1.244541485,2.958515284,3.897379913,5.294759825,1.135371179,0,0,4.061135371,0,0,0,0.687772926,0.862445415,1.277292576,2.216157205,1.179039301,0.622270742,0.96069869,1.102620087,1.124454148,0.447598253,0.109170306,12.29257642,0,0,0,0.644104803,0,1.211790393,4.006550218,39.03930131
102,HMSP1645,Indoor air,Sample,Samples,10221,1.311026318,4.647294785,2.886214656,0,1.487134331,1.633891009,0.430486254,0.9098914,0,2.954701106,1.976323256,1.359945211,2.79816065,0,0,1.418647882,0,0,0.156540456,0.303297133,0.352216026,0,0,0,0.763134723,1.203404755,0,0,0.039135114,0,6.995401624,0,0,0,0.528324039,0.146756677,0.146756677,7.425887878,58.12542804
103,HMSP1646,Outdoor air,Sample,Samples,9489,0.906312572,3.804405101,2.655706608,0,1.148698493,0,0.843081463,0,0,4.110022131,1.443777005,1.296237749,0.210770366,0,0,0.031615555,0,0,0.094846665,0.137000738,0.179154811,0,0,0,0.969543682,0.895774054,0.084308146,0,0,0,5.047950258,0,0,0,0.284539994,0,0.105385183,2.803245864,72.94762356
104,HMSP1647,Surface,Sample,Samples,6003,1.615858737,6.496751624,4.381142762,0,0.816258537,2.548725637,1.482592037,0.966183575,0.616358487,2.06563385,3.764784275,1.882392137,2.165583875,0,0,22.93853073,0,0,0,0.06663335,0.083291687,0.166583375,3.315009162,1.715808762,0.349825087,0.216558387,0.083291687,3.581542562,0.049975012,0,4.747626187,0,0,0,0.149925037,0,0.016658337,0.33316675,33.38330836
105,HMSP1655,Indoor air,Sample,Samples,17893,4.510143632,1.207175991,0.36885933,0,0.821550327,0.095009221,0.508578774,0.374448108,0,0.581232884,1.67663332,1.922539541,0.720952328,0,0,1.128933102,0,0,0.391214441,0.793606438,0.938914659,0,0,0,0.206784776,0.502989996,0,0,0.027943889,0,13.64779523,0,0,0,0.514167552,0.016766333,0.441513441,3.425920751,65.17632594
106,HMSP1656,Outdoor air,Sample,Samples,2941,1.088065284,0.374022441,1.700102006,0,0.850051003,0,0.952057123,0,0,1.904114247,1.734104046,0.408024481,0.238014281,0,0,2.82216933,0,0,2.006120367,6.018361102,7.072424345,0,0,0,2.448146889,7.582454947,6.766405984,0,0,0,2.142128528,0,0,0,3.060183611,0,3.128187691,26.21557293,21.48928936
107,HMSP1657,Surface,Sample,Samples,1338,2.316890882,0.523168909,0.149476831,0,0.67264574,0.149476831,1.046337818,0.896860987,0.074738416,5.156950673,1.718983558,1.270553064,1.793721973,0,0,11.28550075,0,0,0,0.373692078,0.298953662,0,1.34529148,1.34529148,0.074738416,0.149476831,0.224215247,2.391629297,0.298953662,0.074738416,10.68759342,0,0,0,0.074738416,0,0.448430493,0.747384155,54.40956652
108,HMSP1669,Indoor air,Sample,Samples,9605,1.176470588,0.353982301,0.239458615,0,0.104112441,0.083289953,0.010411244,0.104112441,0,0.353982301,0.30192608,0.312337324,0.395627277,0,0,0.760020822,0,0,1.946902655,3.76887038,4.549713691,0,0,0,2.696512233,2.404997397,0,0,0,0,0.947423217,0,0,0,2.675689745,0.031233732,28.20406039,23.40447683,25.17438834
109,HMSP1670,Outdoor air,Sample,Samples,10386,0.211823609,0.11554015,0.134796842,0,0.019256692,0,0.096283459,0,0,0.336992105,0.27922203,0.27922203,0.028885038,0,0,0.086655113,0,0,2.060466012,3.273637589,3.937993453,0,0,0,2.984787214,2.214519546,2.349316387,0,0,0,0.327363759,0,0,0,2.55151165,0,24.51376853,21.28827267,32.90968612
110,HMSP1671,Surface,Sample,Samples,8542,4.694450948,1.170686022,1.533598689,0,0.620463592,2.868180754,11.57808476,1.674081011,0.632170452,5.022243034,6.532428003,3.617419808,4.015453055,0,0,2.821353313,0,0,0,0.257550925,0.316085226,0.52680871,2.470147506,8.897213767,0.374619527,0.245844065,0.234137204,1.393116366,0.292671506,0.035120581,3.254507141,0,0,0,0.280964645,0,1.557012409,1.557012409,31.52657457
111,HMSP1679,Indoor air,Sample,Samples,11910,0.058774139,0.041981528,0.075566751,0,0.159529807,0.016792611,0.033585223,0.050377834,0,0.125944584,0.151133501,0.041981528,0.26868178,0,0,0.554156171,0,0,1.738035264,2.989084803,4.08900084,0,0,0,2.157850546,1.460957179,0,0,0.025188917,0,0.478589421,0,0,0,1.931150294,0.100755668,61.84718724,18.16120907,3.442485301
112,HMSP1680,Outdoor air,Sample,Samples,11085,0.072169599,0.0090212,0.072169599,0,0.081190798,0,0.036084799,0,0,0.117275598,0.126296797,0.036084799,0.045105999,0,0,0.135317997,0,0,1.849345963,3.085250338,4.573748309,0,0,0,2.074875959,1.623815968,1.930536761,0,0,0,0.306720794,0,0,0,2.056833559,0,61.09156518,17.98827244,2.688317544
113,HMSP1681,Surface,Sample,Samples,15311,0.372281366,0.058781268,0.313500098,0,0.973156554,0.176343805,0.267781334,0.222062569,0.019593756,0.92743779,0.378812618,0.333093854,0.57475018,0,0,3.219907256,0,0,0,0.450656391,0.522500163,0.581281432,0.359218862,0.346156358,0.202468813,0.476781399,0.300437594,0.241656326,0,0.013062504,4.245313827,0,0,0,0.25471883,0,1.502187969,3.095813467,79.57024362
114,HMSP1683,Surface,Sample,Samples,10580,0.84120983,0.264650284,0.548204159,0,1.947069943,0.198487713,0.775047259,0.831758034,0.094517958,1.68241966,1.465028355,0.529300567,1.597353497,0,0,1.824196597,0,0,0,1.767485822,2.381852552,2.693761815,0.61436673,1.011342155,2.948960302,1.625708885,1.06805293,0.973534972,0.056710775,0,4.376181474,0,0,0,1.493383743,0,40.6805293,10.2268431,15.48204159
115,HMSP1768,Indoor air,Sample,Samples,9660,0.207039337,0.082815735,0.186335404,0,0.031055901,0.476190476,0.020703934,0.082815735,0,0.134575569,0.16563147,0.134575569,0.175983437,0,0,0.341614907,0,0,2.795031056,4.523809524,6.252587992,0,0,0,2.18426501,2.639751553,0,0,0,0,1.221532091,0,0,0,3.467908903,0.041407867,46.22153209,24.32712215,4.28571429
116,HMSP1769,Outdoor air,Sample,Samples,9602,0.666527807,0.249947928,0.3436784,0,0.031243491,0,0.093730473,0,0,0.468652364,0.604040825,0.729014789,0.083315976,0,0,0.052072485,0,0,2.197458863,4.499062695,5.936263278,0,0,0,1.957925432,3.072276609,3.113934597,0,0,0,1.739220996,0,0,0,3.322224537,0,40.25203083,27.15059363,3.436783995
117,HMSP1770,Surface,Sample,Samples,12071,5.417943832,1.615441968,5.72446359,0,0.314804076,20.41255903,2.39416784,1.938530362,0.22367658,3.55397233,2.327893298,3.40485461,3.529119377,0,0,2.642697374,0,0,0,0.057990225,0.173970674,0.165686356,1.358628117,1.176373126,0.273382487,0.099411813,0.066274542,0.679314058,0.14911772,0.033137271,13.88451661,0,0,0,0.049705907,0,0.886422003,0.646176787,26.79976804
118,HMSP1793,Indoor air,Sample,Samples,7716,0.34992224,0.038880249,0.051840332,0,0.116640747,2.151373769,0.738724728,0.064800415,0,0.388802488,1.568170036,0.22032141,0.324002074,0,0,0.855365474,0,0,2.838258165,5.171073095,7.089165371,0,0,0,2.967858994,3.641783307,0,0,0,0,1.477449456,0,0,0,4.704510109,0.116640747,25.01296008,33.30741317,6.804043544
119,HMSP1794,Outdoor air,Sample,Samples,7045,0.028388928,0.014194464,0.070972321,0,0.085166785,0,0.141944642,0,0,0.141944642,1.77430802,0.141944642,0.141944642,0,0,0.411639461,0,0,2.853087296,4.911284599,7.395315827,0,0,0,2.995031938,4.059616749,4.059616749,0,0,0,0.269694819,0,0,0,4.953867991,0,26.20298084,35.81263307,3.534421575
120,HMSP1795,Surface,Sample,Samples,8698,5.449528627,0.264428604,1.287652334,0,1.460105771,12.33616923,2.287882272,0.770292021,1.448608876,8.78362842,4.035410439,4.426304898,1.356633709,0,0,1.782018855,0,0,0,0.402391354,0.528857209,0.839273396,3.874453897,3.391584272,2.253391584,0.41388825,0.172453438,1.046217521,0.034490688,0.011496896,9.277994941,0,0,0,0.333409979,0,3.449068751,3.265118418,25.01724535
121,HMSP1803,Indoor air,Sample,Samples,9604,10.24573095,1.572261558,2.405247813,0,0.208246564,6.58059142,0.354019159,0.426905456,0,3.082049146,0.270720533,1.509787589,0.177009579,0,0,0.655976676,0,0,2.717617659,3.69637651,5.643481883,0,0,0,2.165764265,2.738442316,0,0,0.010412328,0,5.549770929,0,0,0,3.206997085,0.083298626,9.183673469,21.7513536,15.76426489
122,HMSP1804,Outdoor air,Sample,Samples,7302,0.917556834,0.013694878,0.410846343,0,0.095864147,0,0.164338537,0,0,0.465625856,0.383456587,0.232812928,0.109559025,0,0,0.082169269,0,0,3.834565872,6.025746371,8.011503698,0,0,0,4.327581485,5.258833196,4.272801972,0,0,0,0.629964393,0,0,0,5.765543687,0,14.94111202,39.24952068,4.806902222
123,HMSP1805,Surface,Sample,Samples,15534,9.076863654,1.763872795,2.864683919,0,0.386249517,21.23728595,1.956997554,0.843311446,0.424874469,2.17587228,0.881936398,2.53637183,0.643749195,0,0,0.733874083,0,0,0,0.688811639,0.991373761,1.71237286,0.630874211,1.371185786,1.802497747,0.650186687,0.637311703,0.366937041,0.038624952,0.012874984,4.718681602,0,0,0,0.617999228,0,8.870863911,3.675807905,27.68765289
124,HMSP1831,Indoor air,Sample,Samples,9208,0.141181581,0.054300608,0.06516073,0,0.086880973,0.141181581,1.390095569,0.021720243,0,0.141181581,1.650738488,0.108601216,0.173761946,0,0,1.086012163,0,0,3.040834057,4.300608167,5.636403128,0,0,0,3.605560382,2.573848827,0,0,0,0,0.890529974,0,0,0,2.812771503,0.06516073,49.76107732,15.54083406,6.711555173
125,HMSP1832,Outdoor air,Sample,Samples,9535,0.010487677,0.010487677,0.031463031,0,0.041950708,0,0.094389093,0,0,0.146827478,1.845831148,0,0.052438385,0,0,0.55584688,0,0,2.653382276,3.765076036,5.159937074,0,0,0,4.331410593,2.370214997,2.443628736,0,0,0,0.20975354,0,0,0,2.747771369,0,49.51232302,14.91347666,9.103303622
126,HMSP1833,Surface,Sample,Samples,9047,0.232121145,0.121587266,0.132640654,0,0.077373715,0.110533879,0.585829557,0.066320327,0.044213551,0.276334697,0.751630375,0.121587266,0.342655024,0,0,1.282192992,0,0,0,3.492870565,4.100806897,6.543605615,0.442135515,1.182712501,2.332264839,2.387531778,1.901182713,1.083232011,0.011053388,0,0.641096496,0,0,0,2.940201172,0,45.77207914,18.53653145,4.487675472
127,HMSP1836,Indoor air,Sample,Samples,8094,1.297257228,0.086483815,0.123548307,0,0.444773907,1.321966889,1.309612058,0.358290091,0,0.1606128,1.927353595,0.148257969,0.247096615,0,0,1.630837658,0,0,2.915740054,4.595997035,5.893254262,0,0,0,2.372127502,1.791450457,0,0,0.024709661,0,3.657029899,0,0,0,2.804546578,0.098838646,48.99925871,12.56486286,5.226093404
128,HMSP1837,Outdoor air,Sample,Samples,8200,0.024390244,0,0.073170732,0,0.036585366,0,0.414634146,0,0,0.06097561,5.768292683,0.012195122,0.170731707,0,0,0.182926829,0,0,2.670731707,3.756097561,5.37804878,0,0,0,2.743902439,1.756097561,2.743902439,0,0,0,0.146341463,0,0,0,2.914634146,0,53.70731707,13.65853659,3.780487805
129,HMSP1838,Surface,Sample,Samples,3420,0.584795322,0.321637427,0.058479532,0,0.14619883,0.058479532,0.233918129,0.087719298,0.029239766,0.263157895,0.175438596,3.040935673,0.81871345,0,0,5.994152047,0,0,0,0.116959064,0.087719298,0.292397661,0.292397661,0.204678363,0.467836257,0.14619883,0.204678363,2.16374269,0,0,0.467836257,0,0,0,0.14619883,0,0.14619883,0.497076023,82.95321638
130,HMSP1869,Indoor air,Sample,Samples,8117,0.3819145,0.098558581,0.123198226,0,0.061599113,0.04927929,0.110878403,0.061599113,0,0.542072194,0.197117162,0.098558581,0.28335592,0,0,0.554392017,0,0,2.291487003,4.164100037,5.408402119,0,0,0,1.94653197,2.27916718,0,0,0,0,0.702229888,0,0,0,3.671307133,0.184797339,55.05728718,18.01158063,3.720586421
131,HMSP1870,Outdoor air,Sample,Samples,9150,0.054644809,0.032786885,0.098360656,0,0.054644809,0,0.054644809,0,0,0.142076503,0.316939891,0.010928962,0.054644809,0,0,0.153005464,0,0,2.371584699,4,5.016393443,0,0,0,1.530054645,2.513661202,3.147540984,0,0,0,0.218579235,0,0,0,2.863387978,0,57.69398907,17.40983607,2.262295077
132,HMSP1874,Indoor air,Sample,Samples,7828,0.855901891,0.204394481,0.114971896,0,0.127746551,0.02554931,0.102197241,0.089422586,0,0.357690342,0.370464997,0.383239653,0.306591722,0,0,0.498211548,0,0,2.746550843,4.407256004,6.195707716,0,0,0,1.992846193,3.027593255,0,0,0,0,1.111394992,0,0,0,4.164537557,0.229943792,47.31732243,20.43944813,4.93101687
133,HMSP1875,Outdoor air,Sample,Samples,8553,1.636852566,0.631357418,0.409213142,0,0.806734479,0,1.110721384,0,0,0.54951479,1.215947621,0.98211154,0.046767216,0,0,0.093534432,0,0,2.350052613,3.998596984,5.2028528,0,0,0,1.823921431,1.975914884,2.876183795,0,0,0,6.103121712,0,0,0,3.1801707,0,46.06570794,15.66701742,3.273705133
134,HMSP1876,Surface,Sample,Samples,12864,1.407027363,0.551927861,0.062189055,0,0.435323383,0.069962687,0.450870647,0.132151741,0.116604478,0.256529851,0.489738806,0.629664179,0.318718905,0,0,1.212686567,0,0,0,0.101057214,0.054415423,0.069962687,0.20988806,0.264303483,0.139925373,0.054415423,0.124378109,0.326492537,0,0,2.269900498,0,0,0,0.062189055,0,0.147699005,0.349813433,89.69216418
135,HMSP1879,Indoor air,Sample,Samples,10124,1.876728566,1.422362702,3.378111418,0,0.306203082,0.07902015,0.444488345,1.017384433,0,1.244567365,0.493875938,0.316080601,0.938364283,0,0,2.528644804,0,0,0.651916239,1.382852627,1.856973528,0,0,0,0.87909917,1.195179771,0,0,0.059265113,0,4.01027262,0,0,0,1.264322402,0.187672857,60.39114974,6.983405768,7.092058478
136,HMSP1880,Outdoor air,Sample,Samples,7937,0.289782034,0.125992188,0.579564067,0,0.075595313,0,0.138591407,0,0,0.617361724,0.617361724,0.251984377,0.025198438,0,0,0.125992188,0,0,0.718155474,1.461509386,2.230061736,0,0,0,0.907143757,0.957540632,1.259921885,0,0,0,0.781151569,0,0,0,1.549703918,0,78.43013733,6.312208643,2.54504221
137,HMSP1881,Surface,Sample,Samples,7269,2.091071674,1.705874261,3.67313248,0,0.660338423,0.110056404,1.595817857,0.949236484,2.311184482,2.283670381,0.866694181,0.660338423,1.018021736,0,0,6.369514376,0,0,0,2.228642179,3.301692117,4.51231256,0.605310221,0.811665979,1.238134544,1.719631311,2.627596643,0.509010868,0.343926262,0,5.35149264,0,0,0,2.104828725,0,25.64314211,14.0597056,10.64795708
138,HMSP1883,Surface,Sample,Samples,12071,3.843923453,2.592991467,7.165934885,0,2.286471709,0.157402038,1.665147875,2.510148289,3.877060724,2.327893298,1.855687184,2.278187391,2.95750145,0,0,3.048628945,0,0,0,0.215392262,0.231960898,0.356225665,0.729019965,1.184657443,0.240245216,0.256813851,0.256813851,0.472206114,7.141081932,0.033137271,11.25010355,0,0,0,0.29823544,0,15.88932151,1.449755613,23.42805071
139,HMSP1885,Indoor air,Sample,Samples,10410,3.266090298,0.720461095,3.419788665,0,0.27857829,0.134486071,0.451488953,1.143131604,0,3.342939481,1.364073007,2.363112392,1.690682037,0,0,1.642651297,0,0,0.691642651,1.027857829,1.71950048,0,0,0,0.93179635,1.085494717,0,0,0.365033622,0,2.958693564,0,0,0,1.008645533,0.201729107,58.5975024,5.552353506,6.042267051
140,HMSP1886,Outdoor air,Sample,Samples,8390,4.231227652,0.119189511,0.84624553,0,0.166865316,0,0.309892729,0,0,3.37306317,1.299165673,0.679380215,0.023837902,0,0,0.202622169,0,0,1.108462455,1.287246722,2.097735399,0,0,0,1.430274136,1.382598331,1.430274136,0,0,0,1.847437426,0,0,0,1.644815256,0,65.05363528,7.711561383,3.754469609
141,HMSP1887,Surface,Sample,Samples,12985,3.111282249,1.355410089,3.103581055,0,0.654601463,0.053908356,3.419329996,2.63380824,0.400462072,7.177512514,5.745090489,3.28070851,7.739699653,0,0,1.52483635,0,0,0,1.37851367,2.033115133,2.680015402,1.116673084,1.470927994,0.893338467,1.185983827,2.002310358,0.400462072,2.156334232,0.007701194,5.013477089,0,0,0,1.594147093,0,15.78744705,7.400847131,14.67847517
142,HMSP1890,Indoor air,Sample,Samples,6860,0.481049563,0.408163265,0.437317784,0,0.247813411,0.160349854,9.475218659,0.087463557,0,0.379008746,11.16618076,0.349854227,0.437317784,0,0,1.020408163,0,0,3.032069971,4.664723032,7.011661808,0,0,0,2.244897959,4.693877551,0,0,0.029154519,0,3.673469388,0,0,0,4.825072886,0.189504373,1.95335277,36.38483965,6.64723032
143,HMSP1891,Outdoor air,Sample,Samples,5999,0.933488915,0.100016669,0.266711119,0,0.333388898,0,1.050175029,0,0,0.216702784,14.2523754,0.8168028,0.06667778,0,0,0.283380563,0,0,3.083847308,5.134189032,6.867811302,0,0,0,2.117019503,5.300883481,6.167694616,0,0,0,1.750291715,0,0,0,5.484247375,0,2.300383397,39.47324554,4.000666774
144,HMSP1892,Surface,Sample,Samples,7788,0.642013354,0.808936826,0.52645095,0,0.333846944,0.398048279,4.583975347,0.590652286,0.102722137,0.693374422,5.688238315,0.988700565,1.284026708,0,0,2.259887006,0,0,0,1.990241397,2.580893683,2.991782229,8.872624551,9.411915768,3.64663585,1.515151515,1.66923472,1.117103236,0.141242938,0.038520801,3.55675398,0,0,0,1.938880329,0,11.59476117,9.553158706,20.48022599
145,HMSP195,Indoor air,Sample,Samples,6948,0.14392631,0.057570524,0.417386298,0,0.187104203,0.187104203,0.129533679,0.316637881,0,0.431778929,0.287852619,0.14392631,0.374208405,0,0,2.274035694,0,0,4.217040875,7.469775475,10.63615429,0,0,0,3.180771445,6.66378814,0,0,0,0,1.871042026,0,0,0,7.54173863,0.158318941,5.051813472,44.15659182,4.101899831
146,HMSP196,Outdoor air,Sample,Samples,7240,0.027624309,0,0.069060773,0,0.055248619,0,0.041436464,0,0,0.055248619,0.345303867,0.082872928,0.055248619,0,0,0.124309392,0,0,3.729281768,7.306629834,11.3121547,0,0,0,3.383977901,7.859116022,5.069060773,0,0,0,0.290055249,0,0,0,8.591160221,0,4.627071823,43.95027624,3.024861879
147,HMSP198,Surface,Sample,Samples,7579,1.8735981,0.290275762,1.055548225,0,0.554162818,0.501385407,2.071513392,2.229845626,0.527774113,1.385407046,1.596516691,1.02915952,0.501385407,0,0,5.079825835,0,0,0,3.628447025,4.367330782,7.560364164,0.831244227,0.633328935,3.272199499,5.422879008,2.137485156,2.414566566,0.409024937,0.09236047,7.190922285,0,0,0,3.23261644,0,13.88045916,16.94154902,9.288824384
148,HSCA115,Indoor air,Sample,Samples,16774,2.503875045,4.411589364,11.86956003,0.256349112,12.53726005,0,14.11708597,1.067127698,2.593299153,0.005961607,0.10730893,0.131155359,0.661738405,0.262310719,0.208656254,1.335400024,0.005961607,0.06557768,0.262310719,0.292118755,0.214617861,0,0,0,0,0,0,0,0.035769643,0.34577322,12.43591272,0.011923214,2.044831287,3.129843806,4.483128651,0.005961607,0.333850006,0,24.2637415
149,HSCA116,Outdoor air,Sample,Samples,16647,3.051600889,4.22298312,13.42584249,0.336396948,12.04421217,0,13.81630324,0.901063255,2.823331531,0.060070884,0.138163032,0.132155944,0.408482009,0.168198474,0.186219739,1.609899682,0.012014177,0.078092149,0.210248093,0.348411125,0.246290623,0,0,0,0,0,0,0,0.018021265,0.384453655,12.10428305,0,2.210608518,3.099657596,5.256202319,0.012014177,0.33038986,0,22.36438999
150,HSCA126,Indoor air,Sample,Samples,17608,22.57496592,0.068150841,0.982507951,0.374829623,13.11335756,0,4.770558837,0.749659246,1.646978646,0.01703771,0.499772831,0.278282599,0.391867333,0.352112676,0.141980918,1.005224898,0.272603362,0.073830077,0.130622444,0.363471149,0.159018628,0,0,0,0,0,0,0,0.039754657,0.045433894,17.65674693,0,0.81213085,1.073375738,1.022262608,0.096547024,0.062471604,0,31.22444345
151,HSCA127,Outdoor air,Sample,Samples,1663,0.240529164,0,0.060132291,3.247143716,0.060132291,0,2.705953097,0.240529164,0,0,2.345159351,0,2.585688515,3.367408298,0.962116657,3.247143716,1.503307276,0.360793746,0.300661455,1.563439567,0.721587492,0,0,0,0,0,0,0,0,0,0.180396873,0,1.623571858,3.547805171,2.345159351,0.541190619,0.120264582,0,68.12988575
152,HSCA142,Indoor air,Sample,Samples,8696,21.25114995,0.482980681,0.471481141,1.195952162,9.360625575,0.01149954,4.910303588,0.2299908,1.931922723,0.06899724,0.20699172,0.08049678,0.551977921,0.827966881,0.14949402,2.207911684,1.069457222,0.528978841,0.735970561,1.276448942,0.885464581,0,0,0,0,0,0,0,0.367985281,0,8.613155474,0,7.566697332,5.600275989,5.485280589,0.1724931,0.344986201,0,23.41306348
153,HSCA143,Outdoor air,Sample,Samples,10108,3.11634349,0.089038385,0.346260388,0.336367234,0.65294816,0,0.534230313,0.059358924,0.197863079,0.019786308,0.059358924,0.039572616,0.267115156,0.405619311,0.395726157,3.581321725,0.8804907,1.177285319,2.087455481,3.947368421,2.364463791,0,0,0,0,0,0,0,0.029679462,0,1.325682628,0,17.50098932,19.85555995,20.12267511,0.237435694,0.781559161,0,19.58844479
154,HSCA145,Surface,Sample,Samples,9938,58.03984705,0.815053331,0.543368887,1.398671765,9.649828939,0.100623868,3.370899577,1.348359831,1.831354397,0,0,0,0,1.00623868,0.090561481,0,0.352183538,0,0,0,0,0.070436708,0,0,0,0,0,0,0,0,10.49506943,0,0.704367076,0.28174683,0.171060576,0,0,0,9.730328036
155,HSCA15,Indoor air,Sample,Samples,16032,3.74251497,0.01247505,0.056137725,0.349301397,5.289421158,0,1.634231537,0.848303393,0.779690619,0.0499002,0.0249501,0.01247505,0.168413174,0.960578842,0.548902196,0.773453094,3.249750499,0.941866267,1.085329341,6.736526946,1.946107784,0,0,0,0,0,0,0,0.043662675,0.03742515,11.73902196,0,1.291167665,31.30613772,1.578093812,0.106037924,0.318113772,0,24.37000998
156,HSCA16,Outdoor air,Sample,Samples,10982,0.036423238,0.018211619,0.018211619,0.910580951,0,0,0.072846476,0.018211619,0,0.045529048,0.027317429,0.00910581,0.200327809,0.992533236,1.247495902,1.229284283,5.763977418,2.039701329,2.267346567,6.656346749,3.769805136,0,0,0,0,0,0,0,0,0,0.236751047,0.00910581,1.975960663,43.31633582,2.258240758,0.127481333,0.728464761,0,26.02440357
157,HSCA18,Surface,Sample,Samples,3559,10.6771565,0.252880022,0.393368924,8.457431863,3.371733633,0.02809778,19.38746839,1.292497893,5.198089351,0,0,0,0,11.54818769,1.376791233,0,4.945209328,0,0,0,0,3.118853611,0,0,0,0,0,0,0.02809778,0,6.15341388,0,2.809778028,8.822703006,1.320595673,0,0,0,10.81764542
158,HSCA3,Indoor air,Sample,Samples,9852,17.0726756,0.182704019,0.101502233,0.619163622,6.465692245,0.020300447,2.263499797,0.456760049,1.918392205,0.020300447,0.172553796,0.203004466,0.314656922,1.248477467,0.223304913,0.578562728,1.065773447,1.400730816,2.598457166,3.674380836,3.116118555,0,0,0,0,0,0,0,0.020300447,0.050751117,4.516849371,0,11.59155501,5.379618352,7.998375964,0.12180268,1.13682501,0,25.46691027
159,HSCA34,Indoor air,Sample,Samples,10571,10.41528711,0.16081733,0.217576388,0.690568537,7.265159398,0,1.750070949,0.359474033,0.264875603,6.413773531,3.44338284,4.152871062,0.851385867,0.851385867,0.217576388,10.52880522,0.993283511,0.406773248,0.614889793,0.917604768,0.728407908,0,0,0,0,0,0,0,0.075678744,0.085138587,4.512345095,0.018919686,10.79368082,2.705515088,3.935294674,0.056759058,0.132437802,0,26.4402611
160,HSCA35,Outdoor air,Sample,Samples,7299,0.027401014,0,0.013700507,1.178243595,0.027401014,0,0.123304562,0.013700507,0,0,0.013700507,0,0.301411152,0.986436498,0.191807097,1.06863954,7.137964105,1.342649678,2.1783806,2.096177559,2.150979586,0,0,0,0,0,0,0,0.041101521,0.013700507,0.219208111,0,45.11576928,6.850253459,7.494177285,0.123304562,0.917933964,0,20.37265379
161,HSCA4,Outdoor air,Sample,Samples,7236,0.01381979,0,0,0,0.01381979,0,0.05527916,0.01381979,0,0,0,0.01381979,0.09673853,0.317855169,0.207296849,0.843007186,4.380873411,3.385848535,4.754007739,5.928689884,5.444997236,0,0,0,0,0,0,0,0,0,0.179657269,0,22.92703151,14.12382532,8.070757324,0.165837479,2.086788281,0,26.97622996
162,HSCA41,Indoor air,Sample,Samples,11490,10.20017406,0.034812881,0.060922541,0.104438642,0.44386423,0,1.201044386,0.069625762,2.515230635,0,0.087032202,1.853785901,0.234986945,0.200174064,0.01740644,0.45256745,0.069625762,2.375979112,3.63794604,3.020017406,3.707571802,0,0,0,0,0,0,0,0.93124456,0,4.691035683,0,12.56744996,5.395996519,21.14012185,0.034812881,1.38381201,0,23.56832028
163,HSCA42,Outdoor air,Sample,Samples,10892,0.00918105,0.018362101,0,0.064267352,0,0,0.055086302,0,0,0,0.027543151,0,0.100991553,0.183621006,0.073448402,0.394785163,0.58758722,2.423797282,2.726771943,3.185824458,3.580609622,0,0,0,0,0,0,0,0,0,0.28461256,0,28.25927286,14.6529563,21.59383033,0.091810503,1.854572163,0,19.83106868
164,HSCA56,Indoor air,Sample,Samples,8184,1.075268817,0.012218964,0.012218964,0.036656891,0.109970674,0,0.488758553,0.097751711,0.268817204,0,0.024437928,0.085532747,0.171065494,0.586510264,1.62512219,0.940860215,0.183284457,5.107526882,7.27028348,7.795698925,6.647116325,0,0,0,0,0,0,0,0.036656891,0,0.855327468,0,6.683773216,18.27956989,6.329423265,0.232160313,3.005865103,0,32.03812317
165,HSCA57,Outdoor air,Sample,Samples,7469,0.04016602,0.013388673,0.013388673,0.133886732,0,0.013388673,0.455214888,0.013388673,0,0.013388673,0.066943366,0,0.441826215,0.910429776,4.190654706,1.553086089,2.021689651,3.601553086,5.703574776,4.578926228,4.538760209,0,0,0,0,0,0,0,0,0,0.25438479,0,5.904404873,27.70116481,4.565537555,0.053554693,1.21836926,0,31.99892891
166,HSCA65,Indoor air,Sample,Samples,10405,3.969245555,0.019221528,0.019221528,0.201826045,1.086016338,0,6.631427198,0.124939933,0.442095147,0.028832292,0.096107641,0.04805382,0.384430562,0.538202787,4.296011533,0.624699664,0.134550697,2.412301778,3.671311869,3.757808746,3.959634791,0,0,0,0,0,0,0,0.269101394,0.009610764,4.718885151,0,11.60019222,11.48486305,13.22441134,0.028832292,1.345506968,0,24.87265737
167,HSCA66,Outdoor air,Sample,Samples,8511,0.023499001,0,0.011749501,0.293737516,0.035248502,0.011749501,0.36423452,0.011749501,0.011749501,0.035248502,0.117495006,0.011749501,0.798966044,1.245447068,9.481847022,1.139701563,0.516978028,2.596639643,3.348607684,2.761132652,3.019621666,0,0,0,0,0,0,0,0.011749501,0,0.199741511,0,13.34743273,14.89836682,6.72071437,0.117495006,0.892962049,0,37.97438609
168,HSCA7,Surface,Sample,Samples,4106,17.90063322,0.048709206,0.146127618,1.388212372,10.30199708,0.194836824,10.59425231,2.386751096,4.383828544,0,0,0,0,8.865075499,0.340964442,0,2.143205066,0,0,0,0,2.849488553,0,0,0,0,0,0,0,0,3.726254262,0,1.266439357,5.090112031,2.630297126,0,0,0,25.74281539
169,HSCA74,Indoor air,Sample,Samples,10049,3.562543537,0.228878495,0.208976018,0.935416459,0.477659469,0.009951239,2.567419644,0.348293363,0.358244601,0.288585929,0.378147079,0.308488407,1.164294955,0.885660265,3.662055926,2.099711414,0.228878495,1.4827346,2.089760175,2.089760175,2.408199821,0,0,0,0,0,0,0,0.019902478,0.039804956,7.055428401,0.029853717,12.58831725,10.3791422,10.36919096,0.129366106,0.786147875,0,32.81918599
170,HSCA75,Outdoor air,Sample,Samples,8835,2.999434069,0.373514431,0.203735144,1.267685342,0.543293718,0.011318619,3.225806452,0.52065648,0.350877193,0.249009621,0.203735144,0.350877193,1.086587436,0.803621958,3.972835314,1.68647425,0.407470289,1.279003962,1.958121109,1.980758347,2.139219015,0,0,0,0,0,0,0,0.079230334,0.147142049,6.508205999,0.011318619,12.21279004,9.903791737,9.960384833,0.113186191,0.758347482,0,34.69156763
171,HSCA88,Indoor air,Sample,Samples,5885,12.67629567,1.376380629,1.614273577,1.121495327,4.961767205,0.016992353,1.614273577,2.531860663,0.152931181,0.135938828,0.237892948,0.186915888,0.968564146,0.356839422,0.322854715,0.696686491,0.237892948,0.084961767,0.135938828,0.152931181,0.118946474,0,0,0,0,0,0,0,0.067969414,0.05097706,13.79779099,5.607476636,0.475785896,0.696686491,0.237892948,0.05097706,0.084961767,0,49.22684792
172,HSCA89,Outdoor air,Sample,Samples,4520,6.946902655,0.862831858,1.85840708,2.522123894,1.991150442,0.044247788,2.168141593,1.703539823,0.420353982,3.960176991,0.265486726,0.154867257,1.327433628,1.039823009,0.442477876,1.415929204,0.730088496,0.132743363,0.199115044,0.044247788,0.088495575,0,0,0,0,0,0,0,0.199115044,0.044247788,7.654867257,6.85840708,0.973451327,1.946902655,0.597345133,0.066371681,0.110619469,0,53.23008849
173,HSCA90,Surface,Sample,Samples,3414,6.326889279,2.694786175,0.556531927,3.690685413,1.874633861,0.029291154,22.93497364,1.405975395,0.234329233,0,0,0,0,7.322788518,5.008787346,0,1.962507323,0,0,0,0,6.47334505,0,0,0,0,0,0,0,0,6.268306971,0,8.933801992,8.904510838,3.368482718,0,0,0,12.00937317
174,HSCA91,Surface,Sample,Samples,4305,5.203252033,1.765389082,0.441347271,1.881533101,1.138211382,0.023228804,17.81649245,0.952380952,0.232288037,0,0,0,0,4.692218351,5.644599303,0,1.904761905,0,0,0,0,7.456445993,0,0,0,0,0,0,0,0,7.921022067,0,10.68524971,12.91521487,4.901277584,0,0,0,14.42508711
175,HSCA92,Surface,Sample,Samples,5355,4.985994398,1.213818861,0.485527544,1.400560224,1.792717087,0.018674136,11.39122316,0.933706816,0.429505135,0,0,0,0,3.174603175,3.193277311,0,1.736694678,0,0,0,0,8.795518207,0,0,0,0,0,0,0,0,11.0550887,0,11.98879552,19.14098973,4.967320261,0,0,0,13.29598506
176,HSCA95,Indoor air,Sample,Samples,20141,0.397199742,0.054614965,0.253214835,0.019859987,0.392234745,0,0.198599871,0.039719974,0.099299935,0.486569684,0.019859987,0.024824984,0.134054913,0.094334939,0.079439948,0.382304752,0.129089916,0.858944442,1.211459213,1.549078993,1.961173725,0,0,0,0,0,0,0,0.024824984,0.009929994,1.127054267,0,27.13370736,2.63144829,49.75423266,0.049649968,2.318653493,0,8.564619434
177,HSCA96,Outdoor air,Sample,Samples,14161,0.056493186,0,0.007061648,0.028246593,0.007061648,0.007061648,0.50843867,0,0,0,0,0.007061648,0.247157687,0.317774168,0.141232964,0.706164819,0.46606878,0.967445802,1.532377657,1.624179083,2.266789069,0,0,0,0,0,0,0,0.007061648,0.007061648,0.127109667,0,34.19250053,2.429206977,38.71195537,0.112986371,3.227173222,0,12.2943295
178,HSCA97,Surface,Sample,Samples,7062,2.577173605,0.495610309,9.11922968,1.06202209,5.182667799,0.849617672,7.533276692,2.888700085,1.614273577,0,0,0,0,0.665533843,0.283205891,0,0.693854432,0,0,0,0,2.095723591,0,0,0,0,0,0,0.014160295,0,6.952704616,0,22.67063155,1.515151515,23.91673747,0,0,0,9.869725288